keyword,position,search_volume,url
casa bellucci restaurant berlin charlottenburg,1,4400,https://casabellucci.de/
bellucci bar,1,590,https://casabellucci.de/
bellucci bar berlin,1,480,https://casabellucci.de/
casa bellucci,1,390,https://casabellucci.de/
casa bellucci berlin,1,170,https://casabellucci.de/
casa bellucci restaurant berlin charlottenburg fotos,1,70,https://casabellucci.de/
italienische restaurants kurfürstendamm,1,70,https://casabellucci.de/
bellucci kudamm,2,110,https://casabellucci.de/
bellucci kurfürstendamm,2,110,https://casabellucci.de/
italienisches restaurant kurfürstendamm,2,70,https://casabellucci.de/
kurfürstendamm italian restaurant,2,50,https://casabellucci.de/
bellucci berlin,3,2900,https://casabellucci.de/
frühstück am kudamm,3,880,https://casabellucci.de/
restaurant kurfürstendamm berlin,3,390,https://casabellucci.de/
brunch am kudamm,3,210,https://casabellucci.de/
kudamm brunch,3,210,https://casabellucci.de/
kurfürstendamm 63 10707 berlin,3,210,https://casabellucci.de/
kurfürstendamm italiener,3,140,https://casabellucci.de/
pizzeria kudamm,3,140,https://casabellucci.de/
restaurant bellucci berlin,3,140,https://casabellucci.de/
essen kurfürstendamm,3,70,https://casabellucci.de/
frühstück kurfürstendamm berlin,3,70,https://casabellucci.de/
kurfürstendamm 63 berlin,3,70,https://casabellucci.de/
kurfürstendamm italienisches restaurant,3,70,https://casabellucci.de/
italienisches restaurant berlin kudamm,3,50,https://casabellucci.de/
restaurant bellucci,3,50,https://casabellucci.de/
bellucci cafe,3,30,https://casabellucci.de/
bellucci restaurant berlin wilmersdorf,4,4400,https://casabellucci.de/
kudamm restaurants,4,2900,https://casabellucci.de/
frühstücken kudamm,4,880,https://casabellucci.de/
frühstücken am kudamm berlin,4,260,https://casabellucci.de/
frühstücken am kurfürstendamm,4,210,https://casabellucci.de/
pizzeria am kudamm,4,140,https://casabellucci.de/
bellucci restaurant berlin wilmersdorf fotos,4,110,https://casabellucci.de/
kurfürstendamm essen,4,110,https://casabellucci.de/
bellucci's italian restaurant,4,50,https://casabellucci.de/
bellucci,5,6600,https://casabellucci.de/
restaurant kudamm,5,2900,https://casabellucci.de/
restaurant kurfürstendamm,5,880,https://casabellucci.de/
restaurants berlin kurfürstendamm,5,390,https://casabellucci.de/
frühstück am kurfürstendamm,5,210,https://casabellucci.de/
italiener berlin kudamm,5,210,https://casabellucci.de/
italiener kudamm berlin,5,210,https://casabellucci.de/
bester italiener kudamm,5,170,https://casabellucci.de/
bellucci berlin speisekarte,5,90,https://casabellucci.de/
italian restaurant kurfürstendamm,5,50,https://casabellucci.de/
italienische restaurants berlin kudamm,5,50,https://casabellucci.de/
restaurant am kudamm,6,2900,https://casabellucci.de/
berlin kudamm restaurant,6,880,https://casabellucci.de/
berlin restaurants kudamm,6,880,https://casabellucci.de/
restaurants berlin kudamm,6,880,https://casabellucci.de/
restaurants kudamm berlin,6,880,https://casabellucci.de/
kudamm essen,6,720,https://casabellucci.de/
kudamm italiener,6,720,https://casabellucci.de/
frühstück kurfürstendamm,6,210,https://casabellucci.de/
kurfürstendamm frühstück,6,210,https://casabellucci.de/
bar kurfürstendamm,6,170,https://casabellucci.de/
bar kudamm berlin,6,90,https://casabellucci.de/
frühstück berlin kurfürstendamm,6,70,https://casabellucci.de/
restaurants am kudamm,7,2900,https://casabellucci.de/
berlin restaurant kudamm,7,880,https://casabellucci.de/
frühstücken am kudamm,7,880,https://casabellucci.de/
kudamm restaurant berlin,7,880,https://casabellucci.de/
restaurants kurfürstendamm,7,880,https://casabellucci.de/
italiener am kudamm,7,720,https://casabellucci.de/
italiener kudamm,7,720,https://casabellucci.de/
restaurants kurfürstendamm berlin,7,390,https://casabellucci.de/
italiener kurfürstendamm,7,140,https://casabellucci.de/
italienisches restaurant kudamm,7,110,https://casabellucci.de/
kudamm berlin essen,7,110,https://casabellucci.de/
kudamm berlin restaurant,7,110,https://casabellucci.de/
restaurant berlin kudamm,8,880,https://casabellucci.de/
restaurant berlin kurfürstendamm,8,390,https://casabellucci.de/
frühstück berlin kudamm,8,260,https://casabellucci.de/
frühstück kudamm berlin,8,260,https://casabellucci.de/
frühstücken kurfürstendamm berlin,8,70,https://casabellucci.de/
frühstück kudamm,9,880,https://casabellucci.de/
kurfürstendamm restaurants,9,880,https://casabellucci.de/
restaurant kudamm berlin,9,880,https://casabellucci.de/
restaurant nähe kudamm,9,170,https://casabellucci.de/
essen kudamm berlin,9,110,https://casabellucci.de/
italiensk restaurant berlin,9,70,https://casabellucci.de/
bar kudamm,10,1000,https://casabellucci.de/
bar berlin kudamm,10,170,https://casabellucci.de/
restaurants kudamm,11,2900,https://casabellucci.de/
vallucci restaurant,11,170,https://casabellucci.de/
casa berlin,11,140,https://casabellucci.de/
bar am kurfürstendamm,12,170,https://casabellucci.de/
pizza kudamm,12,140,https://casabellucci.de/
kurfürstendamm 51,12,70,https://casabellucci.de/
kurfürstendamm restaurant,13,880,https://casabellucci.de/
kurfürstendamm bar,13,170,https://casabellucci.de/
essen kudamm,15,720,https://casabellucci.de/
café berlin kudamm,15,260,https://casabellucci.de/
restaurant kudamm nähe,15,170,https://casabellucci.de/
kurfürstendamm 160,17,140,https://casabellucci.de/
kudamm berlin bars,17,90,https://casabellucci.de/
kurfürstendamm bars,18,170,https://casabellucci.de/
restaurant #francucci #berlin,18,90,https://casabellucci.de/
bars berlin kudamm,19,170,https://casabellucci.de/
italienisches restaurant mit live musik berlin,19,90,https://casabellucci.de/
restaurants adenauerplatz,19,90,https://casabellucci.de/
bars am kurfürstendamm,20,170,https://casabellucci.de/
nepomuk restaurant berlin,20,90,https://casabellucci.de/
francucci kurfürstendamm,20,70,https://casabellucci.de/
cafe kudamm,22,1300,https://casabellucci.de/
café kurfürstendamm,22,210,https://casabellucci.de/
restaurants nähe kudamm,22,170,https://casabellucci.de/
frühstücken berlin kudamm,23,260,https://casabellucci.de/
cafe am kurfürstendamm,23,210,https://casabellucci.de/
kudamm cafe,24,720,https://casabellucci.de/
cafe kurfürstendamm,24,210,https://casabellucci.de/
francucci kudamm,24,70,https://casabellucci.de/
re cucina bar,26,1900,https://casabellucci.de/
francucci berlin,26,390,https://casabellucci.de/
cafe kudamm berlin,26,260,https://casabellucci.de/
nepomuk berlin,26,140,https://casabellucci.de/
italienisches restaurant köpenick,28,70,https://casabellucci.de/
casa italiana berlin,29,210,https://casabellucci.de/
ku damm restaurant,31,50,https://casabellucci.de/
cafes am kudamm,32,1300,https://casabellucci.de/
cafes kudamm,32,1300,https://casabellucci.de/
bocca di lupo berlin,32,590,https://casabellucci.de/
cafes am kudamm berlin,32,260,https://casabellucci.de/
club am kudamm,32,170,https://casabellucci.de/
günstig frühstücken kudamm,32,50,https://casabellucci.de/
poveracci berlin,33,390,https://casabellucci.de/
poveracci torstraße berlin,33,390,https://casabellucci.de/
cali bocca berlin,33,140,https://casabellucci.de/
italiener rüdesheimer platz,33,110,https://casabellucci.de/
brunch savignyplatz,33,70,https://casabellucci.de/
cafes kudamm berlin,33,40,https://casabellucci.de/
cafes kurfürstendamm,34,210,https://casabellucci.de/
al tavolaccio,35,1000,https://casabellucci.de/
the dawn kudamm,35,210,https://casabellucci.de/
the dawn kurfürstendamm,35,170,https://casabellucci.de/
italiener hohenzollerndamm,35,70,https://casabellucci.de/
pinci restaurant berlin,35,70,https://casabellucci.de/
capriccio berlin,36,260,https://casabellucci.de/
petrocelli kurfürstendamm,36,260,https://casabellucci.de/
kaffee am kudamm,37,170,https://casabellucci.de/
the dawn berlin,38,2900,https://casabellucci.de/
italiener savignyplatz,38,320,https://casabellucci.de/
kudamm cafes,39,720,https://casabellucci.de/
cafes berlin kudamm,39,260,https://casabellucci.de/
cinque berlin,39,260,https://casabellucci.de/
restaurant adenauerplatz,39,90,https://casabellucci.de/
cafe berlin kudamm,40,260,https://casabellucci.de/
all you can eat berlin #italienisch,40,170,https://casabellucci.de/
berühmtes café am kudamm,40,140,https://casabellucci.de/
italienisches restaurant savignyplatz,40,110,https://casabellucci.de/
savignyplatz italiener,41,320,https://casabellucci.de/
kurfürstendamm 160 10709 berlin,41,70,https://casabellucci.de/
pinci berlin,42,2900,https://casabellucci.de/
cancun kudamm,42,170,https://casabellucci.de/
casa restaurant,43,170,https://casabellucci.de/
italiener charlottenburg savignyplatz,44,70,https://casabellucci.de/
paulo scutarro berlin,45,140,https://casabellucci.de/
restaurant savignyplatz italienisch,46,110,https://casabellucci.de/
savignyplatz restaurant italienisch,46,110,https://casabellucci.de/
culaccino berlin,47,2400,https://casabellucci.de/
italiener am savignyplatz,47,320,https://casabellucci.de/
nuovo mario kudamm,47,70,https://casabellucci.de/
italiener am gendarmenmarkt,48,50,https://casabellucci.de/
berühmtes café in berlin kudamm,49,140,https://casabellucci.de/
restaurant am savignyplatz,49,140,https://casabellucci.de/
ristorante cumberland,50,320,https://casabellucci.de/
cinque restaurant berlin,51,480,https://casabellucci.de/
cucina italiana berlin,51,140,https://casabellucci.de/
casa vita speisekarte,52,50,https://casabellucci.de/
casa,53,18100,https://casabellucci.de/
italiener am alexanderplatz,56,390,https://casabellucci.de/
italienisches restaurant mit live-musik berlin,57,90,https://casabellucci.de/
italiener alexanderplatz,66,390,https://casabellucci.de/
brandenburgische straße 35,81,90,https://casabellucci.de/presse/
amtsgericht charlottenburg e mail,99,70,https://casabellucci.de/impressum/
